rank,route_id,origin,destination,origin_city,destination_city,distance_km,basket_weight_illustrative,modelled_reference_fare_inr
1,BOM-BLR,BOM,BLR,Mumbai,Bengaluru,834.1,0.04380513,5317.29
2,BOM-HYD,BOM,HYD,Mumbai,Hyderabad,622.4,0.04035675,4448.82
3,DEL-BOM,DEL,BOM,Delhi,Mumbai,1137.1,0.04016748,6400.0
4,BLR-HYD,BLR,HYD,Bengaluru,Hyderabad,456.0,0.03721483,3730.47
5,BLR-MAA,BLR,MAA,Bengaluru,Chennai,267.8,0.0304485,3057.69
6,DEL-BLR,DEL,BLR,Delhi,Bengaluru,1708.8,0.02375809,8552.03
7,DEL-HYD,DEL,HYD,Delhi,Hyderabad,1265.6,0.022054,6979.9
8,BOM-PNQ,BOM,PNQ,Mumbai,Pune,124.2,0.02131395,2718.38
9,HYD-MAA,HYD,MAA,Hyderabad,Chennai,507.8,0.02093334,4189.17
10,BOM-MAA,BOM,MAA,Mumbai,Chennai,1033.2,0.01989174,6136.91
11,BOM-AMD,BOM,AMD,Mumbai,Ahmedabad,444.2,0.01903031,3718.87
12,DEL-AMD,DEL,AMD,Delhi,Ahmedabad,755.4,0.01679436,4884.43
13,BLR-PNQ,BLR,PNQ,Bengaluru,Pune,722.6,0.01573058,4807.06
14,DEL-CCU,DEL,CCU,Delhi,Kolkata,1312.4,0.01546683,6740.78
15,BOM-GOI,BOM,GOI,Mumbai,Goa,424.8,0.01522425,3623.96
16,BLR-GOI,BLR,GOI,Bengaluru,Goa,482.9,0.01353266,4017.42
17,HYD-PNQ,HYD,PNQ,Hyderabad,Pune,499.9,0.01302519,4029.06
18,DEL-MAA,DEL,MAA,Delhi,Chennai,1759.4,0.01297981,8433.34
19,DEL-JAI,DEL,JAI,Delhi,Jaipur,230.6,0.01268687,3004.73
20,DEL-PNQ,DEL,PNQ,Delhi,Pune,1155.3,0.01229954,6517.38
21,BLR-COK,BLR,COK,Bengaluru,Kochi,367.4,0.0121794,3566.51
22,DEL-LKO,DEL,LKO,Delhi,Lucknow,423.2,0.01184108,3622.24
23,DEL-IXC,DEL,IXC,Delhi,Chandigarh,237.4,0.01099529,2947.12
24,BOM-CCU,BOM,CCU,Mumbai,Kolkata,1665.5,0.0109692,8214.76
25,BLR-CCU,BLR,CCU,Bengaluru,Kolkata,1546.7,0.0104991,7732.37
26,HYD-GOI,HYD,GOI,Hyderabad,Goa,532.4,0.00930371,4127.6
27,HYD-CCU,HYD,CCU,Hyderabad,Kolkata,1207.2,0.00924828,6614.89
28,BLR-AMD,BLR,AMD,Bengaluru,Ahmedabad,1221.8,0.00830694,6831.63
29,HYD-AMD,HYD,AMD,Hyderabad,Ahmedabad,886.9,0.00786741,5326.43
30,BOM-COK,BOM,COK,Mumbai,Kochi,1063.8,0.00772796,5821.01
31,BOM-JAI,BOM,JAI,Mumbai,Jaipur,911.3,0.0075175,5468.72
32,MAA-PNQ,MAA,PNQ,Chennai,Pune,912.7,0.00700578,5339.85
33,MAA-COK,MAA,COK,Chennai,Kochi,518.1,0.00685091,3982.51
34,DEL-GOI,DEL,GOI,Delhi,Goa,1503.1,0.00675255,7373.13
35,MAA-CCU,MAA,CCU,Chennai,Kolkata,1385.2,0.0065942,6929.98
36,DEL-IDR,DEL,IDR,Delhi,Indore,661.7,0.00651912,4596.27
37,DEL-PAT,DEL,PAT,Delhi,Patna,856.6,0.0065168,5153.83
38,BOM-IDR,BOM,IDR,Mumbai,Indore,506.0,0.00647031,4140.54
39,MAA-GOI,MAA,GOI,Chennai,Goa,733.1,0.00623038,4777.16
40,HYD-COK,HYD,COK,Hyderabad,Kochi,818.0,0.00614175,5009.43
41,BLR-TRV,BLR,TRV,Bengaluru,Thiruvananthapuram,531.5,0.0060897,4120.36
42,DEL-VNS,DEL,VNS,Delhi,Varanasi,666.7,0.00608946,4500.83
43,BOM-NAG,BOM,NAG,Mumbai,Nagpur,682.6,0.00602197,4706.73
44,PNQ-AMD,PNQ,AMD,Pune,Ahmedabad,517.3,0.00592054,3942.9
45,DEL-SXR,DEL,SXR,Delhi,Srinagar,643.0,0.00552452,4489.56
46,BOM-LKO,BOM,LKO,Mumbai,Lucknow,1183.6,0.00540239,6243.15
47,DEL-NAG,DEL,NAG,Delhi,Nagpur,852.9,0.00535529,5245.91
48,PNQ-GOI,PNQ,GOI,Pune,Goa,356.1,0.00473643,3351.45
49,DEL-COK,DEL,COK,Delhi,Kochi,2047.7,0.00446078,9406.51
50,BOM-IXC,BOM,IXC,Mumbai,Chandigarh,1347.2,0.00440731,6821.36
51,HYD-NAG,HYD,NAG,Hyderabad,Nagpur,433.2,0.00418667,3837.24
52,DEL-GAU,DEL,GAU,Delhi,Guwahati,1455.7,0.00418345,7216.32
53,MAA-AMD,MAA,AMD,Chennai,Ahmedabad,1374.7,0.00415306,7395.51
54,BLR-NAG,BLR,NAG,Bengaluru,Nagpur,889.2,0.00410933,5467.57
55,CCU-GAU,CCU,GAU,Kolkata,Guwahati,498.3,0.0040598,3908.51
56,BLR-JAI,BLR,JAI,Bengaluru,Jaipur,1527.9,0.00398578,7933.23
57,DEL-BBI,DEL,BBI,Delhi,Bhubaneswar,1277.1,0.00397357,6639.47
58,HYD-JAI,HYD,JAI,Hyderabad,Jaipur,1099.2,0.0038089,6344.29
59,CCU-PAT,CCU,PAT,Kolkata,Patna,472.0,0.00372148,3876.75
60,BLR-LKO,BLR,LKO,Bengaluru,Lucknow,1544.0,0.00368117,7924.12
61,BLR-VTZ,BLR,VTZ,Bengaluru,Visakhapatnam,776.1,0.00366183,5017.21
62,CCU-PNQ,CCU,PNQ,Kolkata,Pune,1577.3,0.00360344,8162.76
63,HYD-LKO,HYD,LKO,Hyderabad,Lucknow,1088.5,0.00358998,6272.03
64,HYD-IDR,HYD,IDR,Hyderabad,Indore,668.5,0.00354901,4555.86
65,BLR-BBI,BLR,BBI,Bengaluru,Bhubaneswar,1165.6,0.00348312,6208.91
66,BOM-PAT,BOM,PAT,Mumbai,Patna,1448.8,0.00346772,7193.23
67,BLR-IXM,BLR,IXM,Bengaluru,Madurai,376.5,0.00338317,3520.34
68,CCU-BBI,CCU,BBI,Kolkata,Bhubaneswar,381.9,0.00338317,3715.9
69,BOM-BBI,BOM,BBI,Mumbai,Bhubaneswar,1361.7,0.00335414,6862.54
70,MAA-TRV,MAA,TRV,Chennai,Thiruvananthapuram,614.6,0.0033439,4561.02
71,HYD-BBI,HYD,BBI,Hyderabad,Bhubaneswar,846.5,0.00329721,5389.41
72,BOM-TRV,BOM,TRV,Mumbai,Thiruvananthapuram,1257.7,0.00326829,6669.02
73,HYD-VTZ,HYD,VTZ,Hyderabad,Visakhapatnam,511.4,0.0032563,4177.77
74,DEL-RPR,DEL,RPR,Delhi,Raipur,944.0,0.00322547,5643.39
75,BLR-IDR,BLR,IDR,Bengaluru,Indore,1077.9,0.00320157,6016.03
76,CCU-LKO,CCU,LKO,Kolkata,Lucknow,889.2,0.00319595,5452.02
77,AMD-JAI,AMD,JAI,Ahmedabad,Jaipur,525.5,0.00317172,4247.37
78,CCU-AMD,CCU,AMD,Kolkata,Ahmedabad,1619.9,0.00313267,8299.78
79,DEL-IXR,DEL,IXR,Delhi,Ranchi,1007.3,0.00302282,5959.12
80,AMD-GOI,AMD,GOI,Ahmedabad,Goa,865.0,0.00293353,5378.29
81,BOM-VNS,BOM,VNS,Mumbai,Varanasi,1247.3,0.00292942,6481.3
82,BOM-VTZ,BOM,VTZ,Mumbai,Visakhapatnam,1103.0,0.00289842,6135.11
83,BOM-RPR,BOM,RPR,Mumbai,Raipur,954.7,0.00287039,5812.49
84,GOI-COK,GOI,COK,Goa,Kochi,644.7,0.00283356,4598.74
85,BLR-PAT,BLR,PAT,Bengaluru,Patna,1579.5,0.00282732,8198.72
86,HYD-RPR,HYD,RPR,Hyderabad,Raipur,559.1,0.00279111,4134.48
87,BLR-IXC,BLR,IXC,Bengaluru,Chandigarh,1945.4,0.00271298,9440.68
88,HYD-PAT,HYD,PAT,Hyderabad,Patna,1155.9,0.00265615,6582.96
89,BOM-GAU,BOM,GAU,Mumbai,Guwahati,2071.1,0.00264633,9437.01
90,PNQ-COK,PNQ,COK,Pune,Kochi,974.7,0.00262406,5643.81
91,DEL-VTZ,DEL,VTZ,Delhi,Visakhapatnam,1357.2,0.00261749,7349.88
92,MAA-VTZ,MAA,VTZ,Chennai,Visakhapatnam,619.2,0.00258165,4329.87
93,HYD-TRV,HYD,TRV,Hyderabad,Thiruvananthapuram,987.5,0.00254383,5712.65
94,CCU-VNS,CCU,VNS,Kolkata,Varanasi,646.9,0.00251023,4475.85
95,BLR-RPR,BLR,RPR,Bengaluru,Raipur,985.3,0.00247234,5754.71
96,HYD-IXC,HYD,IXC,Hyderabad,Chandigarh,1502.9,0.00241427,7416.09
97,BLR-GAU,BLR,GAU,Bengaluru,Guwahati,2039.3,0.00238897,9643.41
98,CCU-GOI,CCU,GOI,Kolkata,Goa,1734.7,0.00234035,8402.84
99,PNQ-JAI,PNQ,JAI,Pune,Jaipur,936.8,0.00227531,5445.85
100,MAA-BBI,MAA,BBI,Chennai,Bhubaneswar,1005.6,0.00227081,5704.33
101,MAA-NAG,MAA,NAG,Chennai,Nagpur,908.3,0.00226267,5680.42
102,DEL-IXB,DEL,IXB,Delhi,Bagdogra,1125.3,0.00225484,6367.19
103,CCU-JAI,CCU,JAI,Kolkata,Jaipur,1356.7,0.00224429,6911.95
104,BLR-VNS,BLR,VNS,Bengaluru,Varanasi,1465.3,0.00221644,7182.54
105,HYD-VNS,HYD,VNS,Hyderabad,Varanasi,1021.7,0.00218556,6063.85
106,MAA-JAI,MAA,JAI,Chennai,Jaipur,1603.5,0.00213625,7717.98
107,PNQ-NAG,PNQ,NAG,Pune,Nagpur,604.5,0.00211545,4402.08
108,MAA-LKO,MAA,LKO,Chennai,Lucknow,1532.6,0.00208606,7925.65
109,DEL-TRV,DEL,TRV,Delhi,Thiruvananthapuram,2232.2,0.00204607,10632.32
110,CCU-IXR,CCU,IXR,Kolkata,Ranchi,328.2,0.0020299,3380.46
111,PNQ-IDR,PNQ,IDR,Pune,Indore,500.2,0.00201298,4091.73
112,HYD-GAU,HYD,GAU,Hyderabad,Guwahati,1677.4,0.00199677,8020.1
113,BOM-IXR,BOM,IXR,Mumbai,Ranchi,1373.2,0.00199561,6971.09
114,BOM-IXM,BOM,IXM,Mumbai,Madurai,1172.4,0.00194777,6607.15
115,CCU-COK,CCU,COK,Kolkata,Kochi,1890.7,0.00193253,8744.07
116,BOM-SXR,BOM,SXR,Mumbai,Srinagar,1667.3,0.00191748,8242.33
117,AMD-LKO,AMD,LKO,Ahmedabad,Lucknow,927.4,0.00191521,5421.88
118,MAA-IXM,MAA,IXM,Chennai,Madurai,418.0,0.00190303,3830.25
119,CCU-NAG,CCU,NAG,Kolkata,Nagpur,985.2,0.00185439,5755.23
120,CCU-VTZ,CCU,VTZ,Kolkata,Visakhapatnam,773.1,0.00183793,5088.44
121,CCU-IXC,CCU,IXC,Kolkata,Chandigarh,1460.2,0.00180715,7580.81
122,AMD-IDR,AMD,IDR,Ahmedabad,Indore,326.7,0.00179731,3421.07
123,JAI-LKO,JAI,LKO,Jaipur,Lucknow,504.0,0.00177616,4006.34
124,BLR-IXR,BLR,IXR,Bengaluru,Ranchi,1381.8,0.00176281,7330.52
125,AMD-IXC,AMD,IXC,Ahmedabad,Chandigarh,939.5,0.00175541,5433.23
126,PNQ-LKO,PNQ,LKO,Pune,Lucknow,1156.3,0.00172045,6564.3
127,CCU-RPR,CCU,RPR,Kolkata,Raipur,711.0,0.00171289,4850.88
128,HYD-IXR,HYD,IXR,Hyderabad,Ranchi,986.0,0.00169843,5700.6
129,HYD-IXM,HYD,IXM,Hyderabad,Madurai,824.3,0.00169305,5066.82
130,CCU-IXB,CCU,IXB,Kolkata,Bagdogra,447.9,0.00169158,3678.06
131,MAA-PAT,MAA,PAT,Chennai,Patna,1492.3,0.00168333,7720.25
132,MAA-IDR,MAA,IDR,Chennai,Indore,1176.1,0.00165044,6416.33
133,JAI-IXC,JAI,IXC,Jaipur,Chandigarh,438.5,0.00164929,3700.81
134,AMD-NAG,AMD,NAG,Ahmedabad,Nagpur,696.5,0.00163932,4590.27
135,LKO-IXC,LKO,IXC,Lucknow,Chandigarh,590.8,0.00153934,4470.21
136,AMD-COK,AMD,COK,Ahmedabad,Kochi,1491.9,0.00153066,7379.25
137,MAA-IXC,MAA,IXC,Chennai,Chandigarh,1996.3,0.00148715,9161.17
138,MAA-RPR,MAA,RPR,Chennai,Raipur,925.4,0.00148068,5427.51
139,MAA-GAU,MAA,GAU,Chennai,Guwahati,1883.4,0.001455,8654.03
140,COK-TRV,COK,TRV,Kochi,Thiruvananthapuram,194.2,0.00137018,2999.96
141,PNQ-IXC,PNQ,IXC,Pune,Chandigarh,1375.2,0.00134321,7068.46
142,CCU-IDR,CCU,IDR,Kolkata,Indore,1296.9,0.00133037,6726.17
143,LKO-PAT,LKO,PAT,Lucknow,Patna,438.7,0.00130252,3928.9
144,MAA-VNS,MAA,VNS,Chennai,Varanasi,1413.6,0.00129237,7528.0
145,BOM-IXB,BOM,IXB,Mumbai,Bagdogra,1792.6,0.00127394,8604.69
146,BLR-SXR,BLR,SXR,Bengaluru,Srinagar,2330.4,0.00121945,10504.02
147,DEL-IXM,DEL,IXM,Delhi,Madurai,2084.3,0.00121735,9754.29
148,GOI-JAI,GOI,JAI,Goa,Jaipur,1288.9,0.00118122,6977.83
149,PNQ-BBI,PNQ,BBI,Pune,Bhubaneswar,1261.1,0.00112674,6900.46
150,PNQ-PAT,PNQ,PAT,Pune,Patna,1388.7,0.00112552,7349.94
151,PNQ-TRV,PNQ,TRV,Pune,Thiruvananthapuram,1168.8,0.0010941,6522.02
152,GOI-TRV,GOI,TRV,Goa,Thiruvananthapuram,837.4,0.00109086,5354.66
153,BLR-IXB,BLR,IXB,Bengaluru,Bagdogra,1863.3,0.00108942,9067.44
154,GOI-NAG,GOI,NAG,Goa,Nagpur,840.5,0.00108683,5293.88
155,AMD-PAT,AMD,PAT,Ahmedabad,Patna,1291.7,0.00108036,6889.44
156,MAA-IXR,MAA,IXR,Chennai,Ranchi,1269.6,0.00107919,6894.03
157,JAI-IDR,JAI,IDR,Jaipur,Indore,456.2,0.00107838,3970.44
158,HYD-SXR,HYD,SXR,Hyderabad,Srinagar,1897.5,0.00102968,8842.61
159,GAU-PAT,GAU,PAT,Guwahati,Patna,652.7,0.00102632,4498.93
160,GOI-IDR,GOI,IDR,Goa,Indore,842.1,0.0010245,5296.22
161,PNQ-VTZ,PNQ,VTZ,Pune,Visakhapatnam,987.7,0.00100705,5946.91
162,PNQ-RPR,PNQ,RPR,Pune,Raipur,867.0,0.00098334,5235.61
163,LKO-NAG,LKO,NAG,Lucknow,Nagpur,657.5,0.00097252,4642.03
164,GOI-LKO,GOI,LKO,Goa,Lucknow,1461.1,0.0009725,7510.82
165,JAI-NAG,JAI,NAG,Jaipur,Nagpur,717.0,0.00095544,4795.73
166,HYD-IXB,HYD,IXB,Hyderabad,Bagdogra,1463.0,0.00095391,7687.82
167,PNQ-VNS,PNQ,VNS,Pune,Varanasi,1196.3,0.00095024,6684.66
168,AMD-VNS,AMD,VNS,Ahmedabad,Varanasi,1069.3,0.00094921,6002.31
169,LKO-VNS,LKO,VNS,Lucknow,Varanasi,244.6,0.00094729,3008.33
170,PAT-BBI,PAT,BBI,Patna,Bhubaneswar,599.2,0.00093037,4263.61
171,CCU-TRV,CCU,TRV,Kolkata,Thiruvananthapuram,1999.5,0.00091368,9117.73
172,AMD-BBI,AMD,BBI,Ahmedabad,Bhubaneswar,1397.7,0.00090768,7054.97
173,JAI-PAT,JAI,PAT,Jaipur,Patna,935.3,0.00089529,5541.47
174,LKO-IDR,LKO,IDR,Lucknow,Indore,682.3,0.0008851,4759.55
175,PNQ-GAU,PNQ,GAU,Pune,Guwahati,1997.5,0.00085362,9246.41
176,JAI-VNS,JAI,VNS,Jaipur,Varanasi,719.7,0.00084614,4680.06
177,LKO-BBI,LKO,BBI,Lucknow,Bhubaneswar,881.5,0.00080593,5351.14
178,LKO-GAU,LKO,GAU,Lucknow,Guwahati,1067.2,0.00079885,5917.32
179,AMD-RPR,AMD,RPR,Ahmedabad,Raipur,961.0,0.00079211,5494.16
180,AMD-GAU,AMD,GAU,Ahmedabad,Guwahati,1943.7,0.00078328,9489.64
181,CCU-SXR,CCU,SXR,Kolkata,Srinagar,1834.7,0.00077447,8846.52
182,IXC-SXR,IXC,SXR,Chandigarh,Srinagar,414.2,0.00076967,3660.94
183,GOI-IXC,GOI,IXC,Goa,Chandigarh,1726.9,0.00076403,8217.24
184,COK-IXM,COK,IXM,Kochi,Madurai,188.6,0.00076121,2952.91
185,PAT-VNS,PAT,VNS,Patna,Varanasi,224.2,0.0007443,2982.83
186,COK-JAI,COK,JAI,Kochi,Jaipur,1854.9,0.00073868,8680.23
187,GOI-BBI,GOI,BBI,Goa,Bhubaneswar,1378.7,0.00073616,7417.83
188,IXC-PAT,IXC,PAT,Chandigarh,Patna,990.3,0.00073283,5775.46
189,AMD-SXR,AMD,SXR,Ahmedabad,Srinagar,1230.9,0.00072149,6554.82
190,LKO-IXR,LKO,IXR,Lucknow,Ranchi,588.3,0.00071046,4203.1
191,AMD-VTZ,AMD,VTZ,Ahmedabad,Visakhapatnam,1253.5,0.00070851,6906.57
192,GAU-BBI,GAU,BBI,Guwahati,Bhubaneswar,878.6,0.0006931,5479.11
193,GOI-VTZ,GOI,VTZ,Goa,Visakhapatnam,1034.3,0.00068692,5816.26
194,GOI-PAT,GOI,PAT,Goa,Patna,1630.4,0.00068478,8365.52
195,LKO-RPR,LKO,RPR,Lucknow,Raipur,626.5,0.00068046,4585.31
196,AMD-TRV,AMD,TRV,Ahmedabad,Thiruvananthapuram,1686.0,0.00067723,8411.58
197,COK-LKO,COK,LKO,Kochi,Lucknow,1905.9,0.00067098,9273.93
198,MAA-SXR,MAA,SXR,Chennai,Srinagar,2397.2,0.00066684,10948.54
199,JAI-SXR,JAI,SXR,Jaipur,Srinagar,802.7,0.00066385,5087.78
200,PNQ-IXM,PNQ,IXM,Pune,Madurai,1071.5,0.00066307,5831.88
201,GOI-IXM,GOI,IXM,Goa,Madurai,770.7,0.00065843,4903.18
202,PNQ-IXR,PNQ,IXR,Pune,Ranchi,1295.0,0.00065833,6958.18
203,COK-NAG,COK,NAG,Kochi,Nagpur,1248.9,0.00065826,6433.17
204,MAA-IXB,MAA,IXB,Chennai,Bagdogra,1743.4,0.00065494,8162.17
205,NAG-IDR,NAG,IDR,Nagpur,Indore,380.7,0.00064703,3612.63
206,BBI-NAG,BBI,NAG,Bhubaneswar,Nagpur,710.6,0.00064271,4759.11
207,IXC-VNS,IXC,VNS,Chandigarh,Varanasi,831.5,0.00063474,5026.04
208,PAT-NAG,PAT,NAG,Patna,Nagpur,793.9,0.00063283,5144.45
209,IXC-IDR,IXC,IDR,Chandigarh,Indore,889.6,0.00063035,5561.15
210,BBI-VNS,BBI,VNS,Bhubaneswar,Varanasi,653.6,0.00062116,4450.89
211,JAI-BBI,JAI,BBI,Jaipur,Bhubaneswar,1254.4,0.00060683,6528.56
212,COK-BBI,COK,BBI,Kochi,Bhubaneswar,1508.9,0.00060537,7781.74
213,BBI-VTZ,BBI,VTZ,Bhubaneswar,Visakhapatnam,391.2,0.00059205,3525.39
214,NAG-VNS,NAG,VNS,Nagpur,Varanasi,621.7,0.00058767,4337.77
215,AMD-IXR,AMD,IXR,Ahmedabad,Ranchi,1296.5,0.00058711,6646.28
216,JAI-GAU,JAI,GAU,Jaipur,Guwahati,1571.2,0.00058138,8084.54
217,PNQ-SXR,PNQ,SXR,Pune,Srinagar,1715.0,0.00057996,8618.77
218,GOI-RPR,GOI,RPR,Goa,Raipur,1054.5,0.00057748,6159.97
219,COK-VTZ,COK,VTZ,Kochi,Visakhapatnam,1117.8,0.00057202,6347.75
220,CCU-IXM,CCU,IXM,Kolkata,Madurai,1802.0,0.00056324,8991.56
221,PAT-IXR,PAT,IXR,Patna,Ranchi,254.3,0.00055822,3110.48
222,PAT-RPR,PAT,RPR,Patna,Raipur,597.8,0.00055822,4185.71
223,GAU-VNS,GAU,VNS,Guwahati,Varanasi,876.6,0.00055574,5547.65
224,GOI-VNS,GOI,VNS,Goa,Varanasi,1461.5,0.00055558,7378.83
225,GOI-GAU,GOI,GAU,Goa,Guwahati,2193.9,0.00055515,9941.96
226,COK-IDR,COK,IDR,Kochi,Indore,1399.2,0.00055493,7426.15
227,IXC-NAG,IXC,NAG,Chandigarh,Nagpur,1089.0,0.00054522,5920.97
228,NAG-VTZ,NAG,VTZ,Nagpur,Visakhapatnam,576.5,0.00053285,4178.94
229,JAI-RPR,JAI,RPR,Jaipur,Raipur,869.3,0.00052538,5343.55
230,COK-IXC,COK,IXC,Kochi,Chandigarh,2282.2,0.00052032,10551.53
231,GAU-IXR,GAU,IXR,Guwahati,Ranchi,704.7,0.00051851,4764.99
232,IXC-GAU,IXC,GAU,Chandigarh,Guwahati,1532.5,0.00051659,7824.59
233,COK-PAT,COK,PAT,Kochi,Patna,1945.6,0.00051644,8878.38
234,BBI-IXR,BBI,IXR,Bhubaneswar,Ranchi,345.2,0.00050747,3375.78
235,BBI-RPR,BBI,RPR,Bhubaneswar,Raipur,436.8,0.00050747,3682.57
236,GAU-IXB,GAU,IXB,Guwahati,Bagdogra,330.7,0.00050747,3363.5
237,LKO-SXR,LKO,SXR,Lucknow,Srinagar,994.4,0.00050013,5757.79
238,LKO-VTZ,LKO,VTZ,Lucknow,Visakhapatnam,1033.4,0.00048125,6032.19
239,LKO-IXB,LKO,IXB,Lucknow,Bagdogra,738.8,0.00048081,4970.2
240,PAT-IDR,PAT,IDR,Patna,Indore,994.5,0.00047713,5900.19
241,PAT-IXB,PAT,IXB,Patna,Bagdogra,345.4,0.00046519,3406.31
242,COK-GAU,COK,GAU,Kochi,Guwahati,2387.1,0.0004592,11087.79
243,NAG-RPR,NAG,RPR,Nagpur,Raipur,279.3,0.00045673,3185.61
244,IXC-BBI,IXC,BBI,Chandigarh,Bhubaneswar,1470.5,0.00044863,7646.38
245,IDR-VNS,IDR,VNS,Indore,Varanasi,778.0,0.00044355,4974.12
246,JAI-IXR,JAI,IXR,Jaipur,Ranchi,1033.8,0.00044177,5821.56
247,PAT-VTZ,PAT,VTZ,Patna,Visakhapatnam,896.0,0.0004361,5523.85
248,JAI-VTZ,JAI,VTZ,Jaipur,Visakhapatnam,1266.6,0.00042068,6622.74
249,PNQ-IXB,PNQ,IXB,Pune,Bagdogra,1729.4,0.00041083,8367.13
250,GOI-IXR,GOI,IXR,Goa,Ranchi,1492.6,0.000408,7483.01
251,IDR-RPR,IDR,RPR,Indore,Raipur,635.8,0.00040704,4536.13
252,VNS-IXR,VNS,IXR,Varanasi,Ranchi,344.5,0.00040598,3562.92
253,VNS-RPR,VNS,RPR,Varanasi,Raipur,488.6,0.00040598,3980.04
254,COK-RPR,COK,RPR,Kochi,Raipur,1352.4,0.00040525,6897.49
255,BBI-IDR,BBI,IDR,Bhubaneswar,Indore,1072.1,0.00040234,6146.48
256,AMD-IXM,AMD,IXM,Ahmedabad,Madurai,1582.8,0.00040077,8136.01
257,COK-VNS,COK,VNS,Kochi,Varanasi,1832.5,0.00039877,8527.08
258,NAG-IXR,NAG,IXR,Nagpur,Ranchi,691.5,0.00039629,4615.14
259,GAU-NAG,GAU,NAG,Guwahati,Nagpur,1393.0,0.00039344,7369.55
260,AMD-IXB,AMD,IXB,Ahmedabad,Bagdogra,1631.8,0.00038874,7949.34
261,TRV-IXM,TRV,IXM,Thiruvananthapuram,Madurai,198.0,0.00038061,2995.66
262,VTZ-RPR,VTZ,RPR,Visakhapatnam,Raipur,415.0,0.00035523,3787.54
263,GOI-SXR,GOI,SXR,Goa,Srinagar,2071.1,0.00034304,9955.18
264,IXC-RPR,IXC,RPR,Chandigarh,Raipur,1165.5,0.00033963,6494.62
265,VNS-IXB,VNS,IXB,Varanasi,Bagdogra,563.1,0.00033832,4379.17
266,IXC-IXR,IXC,IXR,Chandigarh,Ranchi,1175.8,0.00033666,6531.93
267,GAU-VTZ,GAU,VTZ,Guwahati,Visakhapatnam,1269.3,0.00033583,6969.21
268,JAI-TRV,JAI,TRV,Jaipur,Thiruvananthapuram,2042.9,0.00033535,9726.28
269,BBI-IXB,BBI,IXB,Bhubaneswar,Bagdogra,760.1,0.00033382,5074.81
270,VNS-VTZ,VNS,VTZ,Varanasi,Visakhapatnam,860.5,0.00033025,5171.08
271,VTZ-IXR,VTZ,IXR,Visakhapatnam,Ranchi,659.1,0.00032337,4484.62
272,GAU-RPR,GAU,RPR,Guwahati,Raipur,1142.2,0.00031988,6161.42
273,IDR-VTZ,IDR,VTZ,Indore,Visakhapatnam,953.2,0.00031679,5753.44
274,GAU-IDR,GAU,IDR,Guwahati,Indore,1640.7,0.00031548,8226.77
275,COK-IXR,COK,IXR,Kochi,Ranchi,1743.3,0.00031439,8808.3
276,LKO-TRV,LKO,TRV,Lucknow,Thiruvananthapuram,2075.1,0.00030814,9462.17
277,JAI-IXB,JAI,IXB,Jaipur,Bagdogra,1242.4,0.00030635,6428.6
278,RPR-IXR,RPR,IXR,Raipur,Ranchi,438.5,0.00030448,3737.65
279,IXC-VTZ,IXC,VTZ,Chandigarh,Visakhapatnam,1580.3,0.00029222,7631.39
280,TRV-NAG,TRV,NAG,Thiruvananthapuram,Nagpur,1420.6,0.00028935,7606.06
281,PAT-SXR,PAT,SXR,Patna,Srinagar,1363.1,0.00028667,6928.68
282,BBI-TRV,BBI,TRV,Bhubaneswar,Thiruvananthapuram,1620.3,0.00028188,7989.3
283,IXC-IXB,IXC,IXB,Chandigarh,Bagdogra,1209.3,0.00027276,6498.14
284,IDR-IXR,IDR,IXR,Indore,Ranchi,976.4,0.00026507,5655.19
285,GOI-IXB,GOI,IXB,Goa,Bagdogra,1957.2,0.00025929,8901.61
286,TRV-VTZ,TRV,VTZ,Thiruvananthapuram,Visakhapatnam,1233.0,0.00025928,6831.54
287,IXR-IXB,IXR,IXB,Ranchi,Bagdogra,481.6,0.00025374,4001.09
288,TRV-IDR,TRV,IDR,Thiruvananthapuram,Indore,1587.9,0.00024449,7667.21
289,COK-SXR,COK,SXR,Kochi,Srinagar,2655.5,0.00024079,11840.43
290,IXC-TRV,IXC,TRV,Chandigarh,Thiruvananthapuram,2467.6,0.00024062,10928.27
291,PAT-TRV,PAT,TRV,Patna,Thiruvananthapuram,2089.5,0.00024044,9410.85
292,IDR-SXR,IDR,SXR,Indore,Srinagar,1256.6,0.00024028,6928.5
293,GAU-SXR,GAU,SXR,Guwahati,Srinagar,1836.7,0.00023209,8699.24
294,VNS-SXR,VNS,SXR,Varanasi,Srinagar,1227.9,0.00023144,6567.34
295,GAU-TRV,GAU,TRV,Guwahati,Thiruvananthapuram,2497.8,0.00021942,11137.1
296,NAG-SXR,NAG,SXR,Nagpur,Srinagar,1494.0,0.000214,7685.59
297,COK-IXB,COK,IXB,Kochi,Bagdogra,2224.0,0.00020536,10497.75
298,NAG-IXB,NAG,IXB,Nagpur,Bagdogra,1129.3,0.00020222,6465.08
299,JAI-IXM,JAI,IXM,Jaipur,Madurai,1904.3,0.00019987,8800.5
300,BBI-SXR,BBI,SXR,Bhubaneswar,Srinagar,1875.8,0.00018937,8612.62
301,LKO-IXM,LKO,IXM,Lucknow,Madurai,1904.9,0.00018649,8846.67
302,TRV-VNS,TRV,VNS,Thiruvananthapuram,Varanasi,1989.0,0.0001837,9232.42
303,TRV-RPR,TRV,RPR,Thiruvananthapuram,Raipur,1503.5,0.00018226,7444.2
304,NAG-IXM,NAG,IXM,Nagpur,Madurai,1255.9,0.00018183,6622.79
305,BBI-IXM,BBI,IXM,Bhubaneswar,Madurai,1423.2,0.00017828,7614.25
306,VTZ-IXM,VTZ,IXM,Visakhapatnam,Madurai,1037.1,0.00017127,5922.9
307,RPR-IXB,RPR,IXB,Raipur,Bagdogra,906.7,0.00016791,5467.46
308,IDR-IXB,IDR,IXB,Indore,Bagdogra,1339.1,0.00016106,6989.89
309,VTZ-IXB,VTZ,IXB,Visakhapatnam,Bagdogra,1126.0,0.00015774,6363.61
310,IDR-IXM,IDR,IXM,Indore,Madurai,1453.6,0.00014837,7414.63
311,PAT-IXM,PAT,IXM,Patna,Madurai,1901.1,0.00014682,8688.64
312,TRV-IXR,TRV,IXR,Thiruvananthapuram,Ranchi,1876.6,0.00014603,9152.96
313,IXC-IXM,IXC,IXM,Chandigarh,Madurai,2321.1,0.00014211,10494.25
314,SXR-IXR,SXR,IXR,Srinagar,Ranchi,1568.8,0.00013586,7731.47
315,SXR-RPR,SXR,RPR,Srinagar,Raipur,1579.7,0.00013493,7696.1
316,GAU-IXM,GAU,IXM,Guwahati,Madurai,2300.3,0.00013237,10878.01
317,VTZ-SXR,VTZ,SXR,Visakhapatnam,Srinagar,1994.5,0.00012468,9207.05
318,SXR-IXB,SXR,IXB,Srinagar,Bagdogra,1531.5,0.00011598,8009.53
319,RPR-IXM,RPR,IXM,Raipur,Madurai,1320.5,0.0001153,7126.07
320,TRV-SXR,TRV,SXR,Thiruvananthapuram,Srinagar,2844.5,0.00011239,12015.39
321,VNS-IXM,VNS,IXM,Varanasi,Madurai,1808.0,0.00011227,8664.23
322,TRV-IXB,TRV,IXB,Thiruvananthapuram,Bagdogra,2354.0,9.701e-05,10894.94
323,IXR-IXM,IXR,IXM,Ranchi,Madurai,1684.2,9.039e-05,8339.63
324,SXR-IXM,SXR,IXM,Srinagar,Madurai,2706.9,6.562e-05,12053.16
325,IXM-IXB,IXM,IXB,Madurai,Bagdogra,2160.0,5.873e-05,9987.32
